device_id,timestamp,temperature,humidity,gaz,presence,source
ESP8266-SIM-01,2026-10-08T07:30:39.219Z,31.05,30.84,421.65,0,LOCAL
ESP8266-SIM-01,2026-10-08T07:30:41.231Z,28.26,34.26,447.76,0,LOCAL
ESP8266-SIM-01,2026-10-08T07:30:43.242Z,27.2,65.79,270.64,0,LOCAL
ESP8266-SIM-01,2026-10-08T07:30:45.250Z,31.84,57.64,392.46,0,LOCAL
ESP8266-SIM-01,2026-10-08T07:30:47.256Z,29.8,47.81,442.13,0,LOCAL
ESP8266-SIM-01,2026-10-08T07:30:49.268Z,29.83,61.36,296.82,0,LOCAL
ESP8266-SIM-01,2026-10-08T07:30:51.271Z,28.0,71.75,421.02,0,LOCAL
ESP8266-SIM-01,2026-10-08T07:30:53.274Z,31.63,56.08,148.6,0,LOCAL
ESP8266-SIM-01,2026-10-08T07:30:55.282Z,39.32,67.54,351.57,1,LOCAL
ESP8266-SIM-01,2026-10-08T07:30:57.295Z,43.18,38.07,398.21,0,LOCAL
ESP8266-SIM-01,2026-10-08T07:30:59.306Z,37.27,31.13,392.18,1,LOCAL
ESP8266-SIM-01,2026-10-08T07:31:01.310Z,35.58,66.93,505.16,1,LOCAL
ESP8266-SIM-01,2026-10-08T07:31:03.314Z,35.89,62.27,428.78,0,LOCAL
ESP8266-SIM-01,2026-10-08T07:31:05.315Z,34.25,63.43,396.56,1,LOCAL
ESP8266-SIM-01,2026-10-08T07:31:07.328Z,41.61,51.19,308.66,0,LOCAL
ESP8266-SIM-01,2026-10-08T07:31:09.329Z,38.6,77.16,221.72,0,LOCAL
ESP8266-SIM-01,2026-10-08T07:31:11.339Z,33.91,58.44,168.91,0,LOCAL
ESP8266-SIM-01,2026-10-08T07:31:13.353Z,22.78,45.33,179.12,1,LOCAL
ESP8266-SIM-01,2026-10-08T07:31:15.355Z,27.9,48.03,417.69,0,LOCAL
ESP8266-SIM-01,2026-10-08T07:31:17.369Z,33.48,50.24,201.16,0,LOCAL
ESP8266-SIM-01,2026-10-08T07:31:19.372Z,24.54,49.87,201.02,0,LOCAL
ESP8266-SIM-01,2026-10-08T07:31:21.382Z,39.75,69.51,113.19,1,LOCAL
ESP8266-SIM-01,2026-10-08T07:31:23.389Z,29.21,43.42,190.27,0,LOCAL
ESP8266-SIM-01,2026-10-08T07:31:25.404Z,28.85,41.41,317.95,1,LOCAL
ESP8266-SIM-01,2026-10-08T07:31:27.417Z,36.55,52.08,511.5,0,LOCAL
ESP8266-SIM-01,2026-10-08T07:31:29.418Z,42.6,67.99,489.11,0,LOCAL
ESP8266-SIM-01,2026-10-08T07:31:31.427Z,26.67,48.16,194.44,0,LOCAL
ESP8266-SIM-01,2026-10-08T07:31:33.428Z,33.02,74.22,467.19,1,LOCAL
ESP8266-SIM-01,2026-10-08T07:31:35.443Z,40.36,77.37,391.16,0,LOCAL
ESP8266-SIM-01,2026-10-08T07:31:37.444Z,35.2,79.36,236.45,0,LOCAL
